{"cameraMode":{"drawMode":0,"name":"Shaded","section":"Shading Mode"},"sceneLighting":false,"audioPlay":false,"sceneViewState":{"m_AlwaysRefresh":false,"showFog":true,"showSkybox":false,"showFlares":true,"showImageEffects":true,"showParticleSystems":true,"showVisualEffectGraphs":true,"m_FxEnabled":true},"in2DMode":false,"pivot":{"x":10.581000328063965,"y":4.007999897003174,"z":0.00299999862909317},"rotation":{"x":0.001873639179393649,"y":0.9794678092002869,"z":-0.20141421258449555,"w":0.009110387414693833},"size":0.1353083848953247,"orthographic":false}